x1,x2,x3,y1,y2
0.023920057369576437,-1.03260644673381,-0.11491777077849966,-2.5471505436785082,2.5185479702395495
1.507483969032383,0.5554536165319037,-0.7150179967403407,3.7339668642650317,-12.063852681718988
-0.3599391365571637,-0.7818273492876378,0.21585112546551566,-3.064798538633328,5.008582232510793
-1.3870218446314144,-0.16375302056223492,1.3500508057881555,-5.854491245996068,12.826571507996398
-1.3247744077784296,1.418226858305669,-0.8189120741630415,9.674015353510644,-0.906456832677025
-0.24581883566002474,-1.583444652797984,0.43758633810340275,-6.692446813250941,7.7297734891076875
-0.6089288839691033,-0.5822736758068201,-0.008763248045985009,-1.0940759032214318,4.756412455082037
-1.2210286796901213,-0.5776516600990427,-0.5993807690334488,2.4849775445602376,5.44057530261394
0.3559063872521625,-0.4988198404988315,-1.1455222417424464,3.875245299963575,-4.8651613817341035
-0.9927880778958434,-0.22182091973358586,1.4626092123978283,-6.985720743294055,11.479839998271288
-0.12132396195405497,-0.5540501259052412,0.6395571443144553,-4.738612137333945,4.82699876474382
-0.1420731075717166,0.18125694832670558,1.2792228082466726,-5.710270088681529,5.283485925865157
-0.7645474761015655,1.0356819232767718,-1.0383464827460045,9.063325659661903,-3.437694320306506
-0.09020024352756252,0.5801099823752837,0.2478120513396703,0.5914699339550622,-0.29808052412935726
1.8705940173414615,-0.29209616269723687,-1.3330440838286555,3.918337913710105,-13.80885793393022
-0.8579186313810429,1.085069167027229,-0.8718568806169336,8.472410535547397,-2.453041866644207
-0.6193034567779341,0.9886793895301654,-0.5484350539012137,6.327516894874499,-2.063261100305681
-1.0861592331753207,0.24656968784802638,0.03836509873270189,1.6340428030558904,4.844547497263333
0.18991322231086946,2.6206341855552635,0.9762660655546074,2.790659006581884,-4.906404406001709
0.3351572416345009,-0.6981506257195421,1.5088327765603717,-9.973773001594985,6.453996775227608
-1.511516718337384,-0.5059843374062046,0.4147752909003399,-2.080312748382929,10.734637767506895
-1.3143998349695987,-1.7130736139800293,1.0434487972327025,-9.042064993134002,15.885015205718894
0.3766555328698241,-0.8017858914975644,-1.801636138912993,6.2261674872024475,-6.6844645455083995
-0.5051831558807951,-0.2682859947250785,0.3781229720428552,-2.1902896885087166,4.843265651750632
2.067710900709247,-0.6160862784167866,-1.2051541544565807,2.109801036323297,-13.310912286122198
0.6256452802817637,-0.20142016462388268,-0.4072619414249379,0.806403932971278,-4.153013673236922
-0.6815508936309189,-0.19885921739110923,-0.17736092788769262,0.9717778808960543,3.294888408777152
-1.179530388454798,1.240616015687622,0.259019692635883,3.606279972338249,3.211882665754656
1.5697314058853677,0.23640721425601274,0.5571506317221373,-3.646262921728016,-6.329276145306329
-1.4907675727197225,-1.184867637350586,0.6580530060436709,-5.35410036955039,13.640652799825055
0.5530232706199479,-0.2783587298751593,1.713256932215354,-9.954384121322196,4.922987565387154
-1.0342863691311666,0.9932933061005843,0.58023067796199,1.1130128976229696,4.51247463920204
0.6878927171347485,-0.29976118629336784,0.3806705511559842,-3.4905290317947735,-1.0174978221697024
1.1339993479144737,-0.9270034145431546,0.2508825162209417,-5.1694221726486465,-1.8854564310591373
0.3766555328698241,0.2641389845371804,1.5640479846664836,-7.404478502590702,3.580497320705273
0.4596521153404707,-0.4544605412205617,-0.06372403604525859,-1.5044135587758627,-1.1897750972217027
0.023920057369576437,-0.18948851546726747,-0.2417443272232502,0.616336032344872,-0.5181120493390805
0.6878927171347485,-0.9582929738831861,-0.5035221710996852,-1.0451607832858807,-2.5786733484229254
-1.7190081745140005,1.1874769275471895,0.6760771860514034,1.9010530268985515,7.736918834134048
0.013545484560745624,-1.1865295803365599,-1.1593405782509687,2.223568665684419,-1.1455009947979233
-0.05907652510107008,0.43927764646790374,-1.5294788080783281,9.024303504896421,-7.140365546211673
0.3559063872521625,-0.37346042056671935,1.6301134724931652,-9.626855011418145,5.861303215412006
0.23141151354619274,-1.2265898575049121,0.11420789259388024,-4.48222054903033,2.9795435751592936
-0.3599391365571637,-0.5363794280163574,-1.82921876321412,7.896894668578692,-3.908041086021589
1.1236247751056427,-0.6873687301023468,-0.9829941971399818,1.7292400202872265,-7.487994473781101
0.023920057369576437,-0.025965960301670088,0.841781659465032,-4.310726235599747,3.325424231917256
1.6838517067825067,0.4846898336027854,1.5025931723329122,-7.742748067638712,-3.8629553453892393
0.5115249793846247,-1.4187927539191105,0.44473588091003663,-6.99158264569214,3.4776968884743553
-0.23544426285119394,-1.558953185391225,-1.2136854953557012,1.6270121834560252,0.9993388890068404
-0.9409152138516893,-0.3639416664119635,-1.337117650207329,6.534678465652443,0.44793046766502087
-0.2146951172335323,0.3149095609484782,1.6690968200164489,-7.186060300003277,6.805134183388022
-0.9305406410428585,-0.6040972873676733,-0.2539531143067495,0.388014350473586,5.449182610090315
0.7812638724142259,0.12015284454238205,-0.42939026800587654,1.726146001242303,-5.984338967721782
1.2896179400469359,-0.3302712846540126,-0.11198313885433805,-1.7205160997372835,-5.905208401689993
1.061377338252658,-0.2787562355367171,1.0037215686982293,-6.916253888353956,-0.4557317098602214
-1.3766472718225835,0.44332203169926887,0.7146110758317891,-0.8664420122385552,8.411714567342267
0.6567689987082561,0.14825393548709936,1.4947363736317965,-7.68568906040594,2.2503386945246073
-0.3599391365571637,-0.8375591332792887,1.1693935062072094,-7.999705794316749,8.989947107452522
-0.8890423498075353,-0.9652313428755083,0.2776841010186854,-3.3950721839124167,8.451642181738944
-0.2976916997041788,-0.6957649438192078,0.13043015241795994,-2.4417538938432446,4.097473939650357
0.6982672899435795,-1.3166590682073636,-1.256998073907298,1.6367458749708188,-4.569351540724998
0.17953864950203866,-0.5712967529620308,-0.8734420725614279,2.473781454419009,-2.677571278869813
0.3455318144433317,-0.5665224734719128,0.4322403156068797,-4.206300812893469,1.7008696106265986
1.0717519110614888,-0.0822517252886455,-0.27049006566758943,0.03394324141052185,-6.193964642111865
-0.6608017480132573,-0.3973901318062895,0.6455465954389646,-3.7591016246004347,7.078365517241014
1.507483969032383,1.4646138576130254,-0.816354716499335,6.968131186303368,-15.19668028399833
-0.4740594374543027,0.26032461480679825,0.794746120020915,-2.7186973182298777,4.768307822934778
-0.4118120006013178,-1.0212401173648216,1.657207880432742,-10.937947753656855,11.75161187683202
0.18991322231086946,-0.02155095854477762,1.2170502503007279,-6.339817349448842,3.9832877652828973
-1.9161250578817859,-2.80402838807313,1.3489467185320643,-13.240693698997925,23.388497327756575
-0.1316985347628858,0.2986442253740502,-0.8273840325913836,5.164551373841954,-3.5469761326732563
-2.652719727308774,-0.45697483742214984,-1.524481435357843,8.90420239183154,8.536597407378949
0.438902969722809,0.058659334233858836,-0.26894434350906166,1.081796750524076,-3.446270225351868
1.113250202296812,0.23456741421364438,-0.8275298218908996,3.7281011497986194,-9.580072541688592
-0.4844340102631335,0.476887772602547,1.5806994339649922,-5.988399841754187,7.314304469367995
-1.407770990249076,-0.961669990196207,1.5155716202427594,-9.055097081553342,15.986151402805039
-0.6815508936309189,0.18558059181419387,-1.6655994323672287,9.566289830909644,-3.811385036756902
0.3455318144433317,-0.6436495866408966,-0.6315554006856745,0.8812964290623513,-2.322931915036667
-0.56743059273378,1.0013872600112241,1.1947380869689355,-2.4020980620772248,4.6119435315109705
2.067710900709247,1.748475663410411,-1.7326269517788877,11.840850848416425,-22.51448930089302
0.3559063872521625,-1.1390190686948256,1.621849886088034,-11.882213023776808,8.1249248141758
-1.3973964174402451,-0.1594452513839696,-1.6341980173779243,9.090050750177957,0.9285257718414366
-1.3973964174402451,-0.358725497987563,0.22572959505053067,-0.8074280517750971,8.966076961366037
0.2832843775903468,0.308727975350939,1.440171172451332,-6.55795631379419,3.4180788758007767
0.5841469890464405,-0.5756994440301381,0.20536318549179225,-3.3380612485958157,-0.37218387117461915
-1.5011421455285534,-0.3262437456283534,-1.3654971374845912,7.349896596066449,3.022453414589462
-0.6089288839691033,2.598371600749577,0.17997611248301185,7.504163123802775,-4.030565932471167
-0.3806882821748253,-0.12532196586492875,0.035896992566991824,-0.1747625782549201,2.4229952787368805
1.2896179400469359,-0.36991332236916885,1.0302655331362185,-7.550685572835535,-1.2172876005822992
0.4181538241051474,-0.6170429485215785,1.3198185498642383,-8.868375418991075,5.039633924495952
-0.6089288839691033,0.5541596983475018,-1.1292144640487727,7.917480299255472,-3.1346925313920795
0.3040335232080084,-0.16204345464859218,0.6478152191728977,-4.0292399830182735,1.5572236245973254
-0.3495645637483329,0.5565058564575268,-0.21204793587096923,3.0793218124757598,-0.769886494114793
-0.2769425540865172,-0.014928455909438924,-1.7517264167664655,8.990789270190529,-5.577407528904959
1.7357245708266609,-0.47997930320987936,-0.42990568651721456,-1.0261340478702259,-8.958307690572525
-0.027952806674577637,0.09498526114893097,-1.743339798415889,9.029607582200816,-7.118550943737461
0.07579292141373051,0.8240326740992019,-1.273649345413978,8.764551827953765,-7.94566001102217
-1.8227539026023085,1.318566325177728,1.1826758003522675,-0.13492612362584477,9.888773738887428
-0.4118120006013178,-1.7889213874118566,0.21111812919427503,-6.010542807605628,8.270296682019259
-1.625637019234523,-0.4215090388945557,1.2257184909079304,-5.767482551988795,14.295586176488003
0.6048961346641021,0.27487584895066225,0.2472964550365037,-1.0167508629946336,-2.8599224000264827
0.272909804781516,-0.69307829797463,0.8538416347879277,-6.621352872645044,4.130052409168021
0.5322741250022863,-1.273951345019249,-1.3449429797547687,2.3705867387138104,-4.21928850897276
-0.7023000392485806,-0.24025973980955412,-1.314028181000556,6.551661724822699,-1.0238333083306586
-0.4636848646454719,-1.8234340794550965,-0.1673745386626701,-4.169744680406468,7.119228406941968
1.0821264838703195,1.4556173358351483,-1.5324315747690147,10.9468833974802,-15.907210725933101
-0.9305406410428585,-0.8216819083670828,-1.358872969531701,5.259859763600115,1.6822570521887368
1.0925010566791504,0.38168792036620186,-0.17458417510739754,0.9254835799564429,-7.305905744923948
-1.2729015437342754,0.42387373514293186,1.1625062063478755,-3.2680082825763064,9.742911338634084
-1.293650689351937,-0.9390163790388499,-0.8002439321518368,2.477821212994571,6.084326855268888
0.7190164355612411,-2.409152354433094,-0.4177857953480543,-5.857544522120252,1.9612317041008598
0.6048961346641021,0.8808834349083098,-1.1069376812908878,7.572442576515266,-10.09488170320899
-1.6671353104698463,-0.40068777657319676,-1.7634194297549695,9.282169129525103,2.484062163048942
-1.7086336017051695,-0.1587192447111491,0.744475836045828,-2.489903312657418,11.997229086842609
-0.18357139880703985,0.13491821987800612,-0.764599159587471,4.411321856378414,-2.5452943039487033
-1.6463861648521847,1.6255871283036458,1.0955521149614609,1.045386974955818,7.737377899195829
0.15878950388437704,-0.13671777609390254,-1.387253523559935,6.367324785633591,-5.932808285379918
-1.7086336017051695,-1.5802118011299457,-0.4787874163103249,-0.6380647201330434,11.368653746674385
0.438902969722809,2.5341072135679465,-1.5795682777636493,15.061260059799277,-16.11510960037248
-0.09020024352756252,0.31218727889952264,-1.8230657436072266,10.142090798262265,-7.777823593489662
0.5011504065757939,-0.4307964816863519,1.0747227354808446,-7.167153529039073,3.085528354103465
-0.287317126895348,-0.45695507552699494,1.5697963500713052,-8.932529850042163,9.086636261342946
-1.6775098832786772,0.3668668229655509,-1.1713239252957042,8.634729978653851,2.6016532463139157
0.05504377579606888,1.0252045552242577,0.42478817110783557,0.8966290343375265,-1.651679860221775
1.2896179400469359,1.0429134810414735,0.017603635730640638,1.7511043244242812,-9.506415600436537
0.6878927171347485,-0.9657895354222598,0.3823359272152126,-5.496940959477591,0.9872487294538868
-1.9368742034994475,0.8869023898276898,-0.04754764651297789,4.835319605547406,6.833473261962257
-0.22506969004236313,0.12413049288191284,-0.48126121181455256,3.0037672277608647,-1.1720878756921331
1.1443739207233043,-0.38481087562648497,-0.06538923431265786,-1.9718603760394702,-4.8289939139876985
0.8123875908407183,-0.3382437515042743,-1.3791917308803534,5.068839809048225,-8.563973623212181
0.15878950388437704,-1.7970545411473122,0.4426590945592473,-7.763248600122551,6.367852482257041
-0.8060457673368887,2.81045010420715,-0.0024130573010879,9.249461366463779,-4.4107737051413585
1.673477133973676,-1.750638384945465,-0.20562165022339762,-5.897284037693082,-3.9379571159255757
1.9328414541944463,-0.9789269841488154,1.2864155544676754,-11.30170017897927,-1.581764100655083
-1.7916301841758162,-0.8955444212495823,1.3424029124857366,-7.607017642001614,17.014395834570774
-0.04870195229223927,-0.5989459120421411,0.48749143766238473,-4.185592972146107,3.9903132482371584
0.11729121264905377,-0.8169166999108066,-0.9758659893527891,2.311288634382472,-2.0391699209240057
-0.18357139880703985,-0.4915578299776615,-0.09667277331954868,-0.8077382245282013,2.0058393906899887
-0.7230491848662423,-0.6187975456389347,-1.6924986248789164,7.32914967234402,-1.2983559382676502
-0.16282225318937824,1.2743631772677317,-0.863376388180815,8.302793725896649,-6.462483818579564
0.5530232706199479,-0.4350692625912282,1.2561815206254716,-8.13913866152099,3.5648175171758316
1.1962467847674585,-0.8943506084029325,-0.6565543541324504,-0.5965268393140035,-5.9243995151582975
-0.5051831558807951,0.6088904289616366,0.6466800183467878,-0.9015456489682343,3.285964565906217
-0.03832737948340845,0.9549455105353237,-0.01416438600939812,2.97398584113637,-2.729857178226521
-1.8953759122641243,1.992708066146921,1.2364802302978184,1.691098959215795,8.444676284071132
-1.5530150095727073,-0.80296221020752,0.5152920347454709,-3.4323317947772076,12.235129817467982
0.6152707074729329,0.8979042580155426,-1.8056590346204933,11.10673723967616,-12.992702449893265
0.4181538241051474,0.09558200558950884,-0.08817467949239101,0.30946559012533414,-2.7302138552638273
-0.7645474761015655,-1.00758594367479,0.5708069998747342,-5.112245354296475,9.128723211031135
1.507483969032383,0.857437404151792,0.3969011671960118,-0.9196775925570659,-8.522127388833242
0.7708892996053951,-0.0410206368237418,-0.006664593300268095,-0.86062824357528,-3.7580429607568226
-1.065410087557659,-1.2961672787937504,-0.3711618439873275,-0.9672825288869549,7.730904898220237
1.227370503193951,1.1875449603010015,-1.1176720407391592,7.92362458140485,-14.170175559829396
0.387030105678655,0.584600792057852,0.1920940479420566,0.40630203078461813,-2.9205767127986046
0.5011504065757939,0.5303511502028152,-0.361023087165128,2.8950184798582916,-5.540897832147927
-2.019870785970094,0.8873089665230885,0.5738646637443405,1.812474366817657,9.732885685258566
-0.8060457673368887,-1.7768867172280407,1.544420300155903,-12.246715885126747,15.538570188992177
0.6567689987082561,0.682134491715437,-0.07513151535690535,1.765292053222582,-5.630774530115214
-1.9576233491171091,1.840003042802896,-0.4006468408553102,9.480866681802349,2.665520253755617
0.9680061829731805,-0.8523837943003779,0.6568856248965702,-6.809585690357165,0.34466296762151183
-0.7541729032927347,0.31190899253988297,0.7211570153800607,-1.91588519598792,5.719765600364267
-0.8786677769987045,-0.04868080093745782,1.2352931142577341,-5.44384019710234,9.480553744836833
-1.4596438542932302,0.09568761834066415,-1.3274041714393274,8.38372756651186,1.7015397306868483
2.067710900709247,-0.6770160887651545,0.33814683494823283,-5.7894933417458745,-6.954918897457841
-0.1316985347628858,0.9047771859780085,0.20624823321495203,1.814788926622151,-1.2308459512597887
0.8746350276937033,-0.5488180831716182,1.0737610594795246,-7.889894574606181,1.5683233489644364
0.15878950388437704,-0.32279869656152044,-0.5026604141060822,1.3861164769614729,-1.8361930861616527
0.4907758337669631,-0.8162810796109073,-1.116212192033883,2.6414418875697296,-4.4698846981376255
-0.3080662725130096,-0.6188769171850484,1.104717283729819,-7.07215089769123,7.815831249039469
1.0821264838703195,0.14329078411378032,1.5241918570562192,-8.273213416810075,0.2562626565319386
-0.7230491848662423,0.4872374982502903,-1.2481422629208396,8.42547299422131,-2.839035622103018
1.0198790470173347,-1.315109541247926,0.969432103243877,-9.812368186980496,2.723661801632612
0.3144080960168393,1.0886930450469388,-0.03204010984018452,3.1118715883248997,-4.966280054585751
0.5841469890464405,-0.48693678616636754,1.372958571746019,-8.909750206275639,4.031909700250977
0.8746350276937033,-0.690364115063033,1.4480818420765373,-10.186136583265489,3.4902445750267317
-0.007203661056916006,0.39104177608433816,1.3371632095027628,-5.505487058203884,4.211545815042617
-0.1524476803805474,-0.7982212991633196,1.1763572565528746,-8.124002499873784,7.8623313256041945
-1.065410087557659,-0.6845706401277153,-0.8401462856375579,3.2124295953623028,4.02017721562121
1.445236532179398,0.6953743135382049,-0.08556416207190984,1.0687072187947657,-9.654562249799245
0.8123875908407183,0.38890295589069185,0.040668747456884424,0.15097753954693516,-5.065971832048129
-1.5530150095727073,-0.5216966638817907,0.20717150618127775,-1.0479325129790533,10.15885106423402
0.5945215618552713,1.8331621874243704,0.029919986870490228,4.755365066065389,-8.352414424067506
-1.4492692814843993,-1.6762617388234442,1.600808756539462,-11.583559717683242,18.678366650050176
0.4804012609581323,1.7032902521215696,0.6876473448862911,1.191232770975121,-4.761287681610206
-1.4285201358667377,1.6679044730710777,0.4107340826344857,4.378563141907543,3.781823590658397
0.3247826688256701,-0.7199826603832484,1.1204993309860916,-8.087227304905873,5.018031960965761
-1.0550355147488284,-0.8130385089780386,0.5082840142344643,-3.9255000833576092,9.747429157616116
-1.0239117963223359,0.1371049869648145,0.5780612620684595,-1.455079553125518,7.020489068991075
-2.248111387764372,-0.020098297268148296,0.4040676002263703,0.16747849482807586,12.917122231531785
0.3351572416345009,0.8048830737286473,-1.356998688073776,8.864485419920321,-9.518430181653551
-1.3766472718225835,-0.4727176166542041,-0.5281054472510118,2.5990216581150305,6.188967420071483
-0.17319682599820904,-0.4799417232125356,0.3563498735356155,-3.048377711317475,3.7312087937711143
1.5386076874588754,-0.45586266388007374,-1.5144996687203662,4.666302664502735,-12.383449120535621
-0.8994169226163661,0.04356092237005077,-1.4701567865215799,8.380883622334418,-1.5142253001146413
1.21699593038512,-1.6329323258516875,-0.5998842754922652,-3.1163715304788564,-3.5857197763395985
-0.3495645637483329,-0.14578492234954554,-0.5618661598068753,2.721540595734073,-0.06228705343719998
0.3455318144433317,0.45548920377027086,1.322500717391677,-5.591567790090903,2.1958761860392366
-0.4118120006013178,-0.3962889730910214,1.4288436994625904,-7.9212734159846985,8.963301720130016
-0.9097914954251969,-0.9521172196645452,0.3404158142658232,-3.648639234897555,8.766972393182913
-0.7437983304839039,1.595855842991399,0.36292959353133614,3.7167178918014203,0.38314249757066676
-1.6567607376610156,-1.198120093827633,1.5081134308215398,-9.478166697929582,17.910617693074137
1.0198790470173347,-0.32702741815916625,0.5784175568931306,-4.893049085960486,-1.8046427530366524
-1.1587812428371365,-0.12624137993787143,-0.8412738414150346,4.986426310098695,2.807534988339158
0.013545484560745624,1.5035441431371124,0.7624749474057174,0.6847122078220038,-1.5284600625921958
-0.9824135050870126,0.3773454868800417,0.09563042441530145,1.6362978436506306,4.162552762456143
0.013545484560745624,-1.1574138294635632,0.08452803588166619,-3.908427152359766,3.7426262091136264
0.2832843775903468,0.6336666620379225,-1.546359964419489,9.349515430620865,-9.502861731743458
1.1028756294879811,0.8189600223887946,1.6929209250593196,-7.1106001876181955,-1.1995745143690106
0.2832843775903468,-0.10315527484556758,1.63447061683858,-8.76510328631995,5.430926403939289
1.4763602506058906,-0.5308972839211029,-0.40625101708707395,-1.0377970169338298,-7.414113469614439
-0.6296780295867649,-0.2561155829991334,-1.3665160624547454,6.693911592863092,-1.5493273528877571
1.777222862061984,-0.16338337593319063,-1.3667215898086973,4.56623495918193,-13.86285054174514
0.8020130180318875,-1.8884516864110714,0.9423510296914512,-11.179123225722357,5.4246940878395815
0.1484149310755462,2.0301131221236455,-0.7003037672071091,9.443443271330935,-9.633629090577104
-0.007203661056916006,-1.3174757852185999,0.2702947170351646,-5.2966972797747065,5.069624529081038
-0.2146951172335323,-0.42699312678277673,0.6249940378356005,-4.1912544522928,4.854431117858393
2.067710900709247,-1.0907226167638178,1.523451176297946,-12.95713463249043,-0.9725819480629996
-1.2314032524989522,-0.3021070204378982,0.8104266481430122,-3.727051049529804,10.305043916380505
-0.3495645637483329,-0.440455836865652,-0.29396996573013934,0.49804688180207357,1.8933104664180629
-0.19394597161587068,-1.990743143318563,-0.43472508961719275,-3.604658010253855,5.2030589295662715
0.272909804781516,-2.0435585899301474,0.9851291660060416,-11.329231404602167,8.706643409907029
0.0654183486048997,0.7606261475465892,-0.03213096146463906,2.377114901358063,-2.7374940315228224
-0.1524476803805474,1.1980654157642625,0.8963089909859879,-0.7349010272566052,0.7532781185539013
1.6008551243118603,-2.507634949023607,-1.3202853866190547,-2.5223330382874067,-5.762512320964699
-0.6815508936309189,-0.4438872793817222,0.35272309802241,-2.413726434626297,6.1503086983894
-0.24581883566002474,1.0830447066530862,-1.2058160734347494,9.52403332279303,-6.843304235398132
0.05504377579606888,0.6306738688011911,-1.187879544798555,7.77637555460028,-6.918758664578138
0.003170911751914809,-2.5882430714292957,1.3373404679559548,-14.454602465819576,13.098236527352132
-1.7190081745140005,-1.450640181840399,-0.5770538489798765,0.252356873892186,10.638746022171693
0.09654206703139215,0.4691692946998493,1.4218723040682917,-5.798395703273303,3.7972709970166583
-0.8060457673368887,1.0498171857259013,1.0830401928100655,-1.4597036395357343,5.212938050747002
0.5633978434287789,2.70828337401498,1.3664512130245703,0.7291962134933101,-5.476034487090554
-0.5466814471161183,-0.7046872774988804,-1.046670162789229,3.6659704285656223,0.6607884169203171
1.0406281926349963,0.8948048801311734,-0.14526665814202938,2.370119738468671,-8.468622236136618
-0.4740594374543027,1.4907604647303776,0.08664002501453395,4.513140706572766,-1.7554241068614838
0.5530232706199479,1.0865671834730668,0.9888947969374444,-2.237795704887969,-2.0692387157691625
-1.2625269709254445,-0.8391096321352094,-0.43427776537623874,0.9165869014010102,7.092852689527895
2.0365871822827546,-0.2712829995132365,1.4305533456871595,-10.003202909258261,-3.6468735301254256
-0.7437983304839039,0.5650970974019819,-0.3146476887808931,4.012328066594315,0.765109605090001
1.0717519110614888,1.3167304127212927,-1.4039481762728125,9.898180208466453,-14.924743498562572
-1.802004756984647,0.6428219269080261,1.5424144527447559,-3.9816017260150547,13.25121581517818
-1.3870218446314144,-0.35455994966131377,-0.8613262706043273,4.629973348669109,4.553483989723704
1.0302536198261654,0.04078389015255127,-0.8649265551350597,3.416730826306787,-8.73332599012872
0.1380403582667154,0.1779045533912549,0.336944073227225,-1.289047064229076,0.12386084140155851
0.5530232706199479,-0.0029245624475855775,-0.044806096514761015,-0.3377664753888996,-2.935567051816027
-0.16282225318937824,-0.20999747505208077,-0.2175950409257272,0.6208050326617719,0.5737235274002247
-0.2976916997041788,-0.1409571885528617,-0.5505505988706548,2.6275731283988675,-0.2908723313031403
1.9847143182386005,-0.005480326232449439,-0.9761465448584432,2.8795774273562667,-13.811716791929427
-1.7605064657493237,1.4124009868209166,-0.12442145518866086,6.619816702155378,4.067643547529225
0.272909804781516,-1.0287272839045591,0.2635661852788404,-4.676922582889395,2.775897568921459
-1.2729015437342754,0.24343953324169385,-1.4387639055400518,9.197039671159615,-0.12086650321391179
-0.2769425540865172,1.9498182743509855,1.0750365380584614,0.7512146868471667,-0.1645959003865256
0.003170911751914809,0.43137094461299347,0.8566295884534296,-2.992206020180083,2.116550961215164
0.2521606591638544,-2.1387901907849387,-0.86483908155535,-2.34433582374192,1.696210950314144
-0.18357139880703985,0.2598257079455113,0.7914128788168571,-2.9940158714407112,3.304031385466094
-0.24581883566002474,0.8826218337509489,0.5317768931005077,0.23479987141033298,0.7083362494493077
0.3247826688256701,-0.1165295423484876,-0.9474237415600035,4.062747411928885,-5.064019683322902
-0.5985543111602725,-0.06101708299650634,-1.3931117643148798,7.3810618837451525,-2.3966242524686376
-0.9824135050870126,-0.17368159106733363,1.6017652765777501,-7.547457651003739,11.840173404948064
-0.2976916997041788,-0.42258006881885024,-1.2825419593089724,5.44266128979249,-2.373969132258445
0.5737724162376097,-0.24467927708336737,-1.0807519673876853,4.095949589450715,-6.457832119488687
-1.179530388454798,0.5892636274179159,0.06470904736342792,2.6237760338914065,4.388697249473954
0.07579292141373051,0.4679858487490181,0.9982441580403133,-3.6630561653682427,2.2100544788455463
-0.0694510979099009,-0.4566139398614529,0.8108293466349686,-5.3545374548493,4.960414695673737
-0.10057481633639334,-0.3249556588228494,1.0072132224216395,-5.9103582722403525,5.5065939478370725
1.1858722119586278,0.1316905516578773,-0.0527765041944021,-0.5269180360129854,-6.53553873154438
2.067710900709247,1.4434414166957994,-0.7322494029839974,5.923860364298138,-17.597876365569626
-0.8890423498075353,-0.9900017445728961,-1.7544556991285039,6.6913156117313655,0.3973941862423498
0.3559063872521625,-0.7179319588040637,1.0995428303479702,-8.007416415404204,4.77243526154326
-0.6089288839691033,-1.290422398682584,-0.541253864149075,-0.5560689913332735,4.7508961592969685
0.3559063872521625,0.27188402761041436,0.327856243904342,-1.1795355239426293,-1.2837590434746877
-0.9305406410428585,-1.1330843448039754,-1.3139616868566306,4.101096040914086,2.7961094921996956
-1.0861592331753207,-0.44250265085890483,0.4579916840726214,-2.531307139764501,8.590270854743805
-1.0550355147488284,0.6254191484829639,-0.3402666023342697,4.632625971869069,2.0378537189581714
1.0302536198261654,1.027589589193603,-0.6120749278092392,5.11288978680084,-10.682336577948593
-0.9409152138516893,1.050135643806839,-1.641768571234868,12.300165001446546,-5.0129051471015424
0.6360198530905945,0.14575130204330758,-0.6009524487989636,2.805996297034146,-6.02116296677875
0.5011504065757939,2.591740351045891,-0.1596485947474615,8.072313620299187,-10.91956746500649
-0.2976916997041788,1.2462164071883117,0.6973115753177483,0.549783044680372,0.5390555782269524
-0.7645474761015655,0.17080906113417674,1.3422368549177512,-5.434209615084661,8.679257616776303
1.0095044742085038,-0.24318417632697883,-1.7970011059393538,7.245948526507329,-11.505974265818997
0.4907758337669631,1.1660809504388676,0.5630465643447616,0.19223419582583157,-3.699935762772372
0.3144080960168393,-0.06211338222935949,-1.6653581688557124,7.826042601573645,-8.047133008818967
1.9743397454297695,1.1631675287482504,0.3474249015278014,-0.2219616668240254,-11.971501707282394
0.09654206703139215,-0.9742592893063361,1.502040417537552,-10.52952202263816,8.448229202912255
0.4700266881493015,1.353286031171853,-0.48998367892950223,6.0397498000137695,-8.369926249980075
0.4907758337669631,1.436258453755249,0.6906882963240016,0.3645580458787756,-3.9999013448045555
-0.12132396195405497,0.702094653752835,-0.18963123094391438,3.175764077932132,-2.258189075263888
0.4492775425316398,0.4422108300536763,-1.186167765072042,6.808193772989599,-8.317691263107395
0.2832843775903468,0.935730793100407,-1.451660569208707,9.78221084775441,-10.030256544087784
-0.05907652510107008,0.27205281363296624,1.2951657571078987,-5.600593819539525,4.659887213038047
1.061377338252658,0.07939733742317215,-0.3609356135854181,0.981492741943949,-6.9888211578744786
0.8435113092672109,0.5332072300009342,-1.7753172589301107,9.632696675386146,-12.9184472720593
-1.1380320972194748,-0.6479499046127922,1.7190020973672595,-9.400828103455199,14.51001858940479
-0.1420731075717166,-0.3859314722714138,1.1719320179370758,-6.875381398927904,6.555888026421128
0.23141151354619274,0.22728466990083704,-1.7265827407711454,9.083356200012046,-8.745242540518056
0.5633978434287789,1.8687164285319198,-0.4131137816740502,7.108320350537231,-10.075593629435854
1.4556111049882288,-0.20927665182716987,0.6547149644602388,-5.357015882770932,-4.031365711618679
0.2106623679285311,-0.6658473783477148,0.10224054681372592,-2.719407237040305,1.3531924826553925
-1.0446609419399975,-0.1866787627348396,-0.8730102162095686,4.849675734783322,2.291300133066232
0.7605147267965643,1.6870579610275642,0.6005832197580917,1.29774305749567,-6.461414638033148
-0.027952806674577637,-0.5777809223312853,0.9737522668889269,-6.574151294763913,5.768115867922452
-0.4429357190278102,-0.7747613378905448,1.0317788971819266,-7.040242780553457,8.666078197538392
0.10691663984022295,0.4485965139126506,1.1212481901684839,-4.367368048944691,2.604620019734869
0.5011504065757939,-0.2270263972966726,-1.3359468910154833,5.497504856611605,-7.168460405050885
-0.007203661056916006,1.3114708329206504,-1.3286446250280148,10.58483928495894,-9.21297269358943
0.3351572416345009,0.6764401502213884,-0.8933232882197035,6.160779650128182,-7.278399811715484
-0.8890423498075353,0.6362314968566275,1.1152457602404808,-2.7784919608249865,6.997500299429717
1.4763602506058906,-0.12461442522528597,1.4422717829071643,-9.061562440817571,-1.2388708457249376
-1.179530388454798,1.222153870096061,-0.28820737697902327,6.287028883638097,1.078360824069714
0.5841469890464405,-1.2093412866551565,-0.20798414804287285,-3.172250108797546,-0.12464767743822436
-0.4948085830719643,-0.923500375652835,0.7387859641526415,-5.969622364649748,8.199687898928893
0.4077792512963166,-0.6397872700173515,-1.2050649029585843,3.6981834534445506,-4.939794058263866
-1.3247744077784296,0.604697991499357,1.4756198406286656,-4.239230820866827,10.712257426908739
-1.2002795340724597,-0.2708595766121313,-1.6889077633151044,8.832239620811588,0.058345346938274645
2.0365871822827546,-0.23989916621435134,0.2306917649889374,-3.9097435058704955,-8.54047135281497
0.4804012609581323,0.42019964247159935,-0.681836352170482,4.189379427309076,-6.389950640887387
-1.1587812428371365,-1.2216655819909141,-1.600099144763915,5.49428022068397,3.0585063811027657
-1.0031626507046743,0.5085430889856913,0.2128080405258608,1.4647517150324443,4.34141614866974
-0.3806882821748253,0.015619222448549639,-1.012674409435853,5.490917996699739,-2.1941138942149347
1.1547484935321353,0.1119144020212654,-0.8197572965165774,3.279781195114548,-9.388514859790781
0.6463944258994253,0.446168392532558,0.7137235390230277,-2.87650694341689,-1.71558315100269
-2.0924927956319097,-0.20812365863280688,-0.3613722703166518,3.274983171316748,9.64134587279136
-0.6504271752044265,1.1109582215765796,-0.9564817018556688,8.76571034921251,-3.906665596130282
-1.07578466036649,0.6858315859368675,0.26705961692053704,1.7979813335744077,4.389667011703995
-0.3806882821748253,-1.4567728486482927,0.5092810708096916,-6.536035617818511,8.31088424005777
0.5322741250022863,-1.4619809179353342,1.207078795589314,-10.95361085675486,6.552887311151827
-1.7708810385581546,0.048907324923176426,-0.3677400624525879,3.7563033255906233,7.236722968210893
-1.2729015437342754,1.1847368273960455,1.7103377681802876,-3.7245768149790255,9.651648309204392
0.7916384452230567,0.5263534160026354,0.7046394433285467,-2.7357754138578834,-2.7186947008090026
-1.9161250578817859,1.036201239964202,1.4002473061543408,-1.9765077529973123,12.073010794133687
0.2106623679285311,-0.4377912206746892,-1.364270729450369,5.297317617299247,-5.197021095420064
1.0510027654438272,0.7943830280915288,-1.1134240605765522,6.89926662171352,-12.09185915379993
0.3040335232080084,0.23371538496352534,1.3034225874235403,-6.120000305435134,2.992376578763543
0.5633978434287789,0.12236747266170336,-1.4569111174932299,7.088260162022481,-9.011736105101924
0.9472570373555189,1.1364358399481167,0.32155050111661443,0.8542979769057586,-6.859390702155486
-1.3973964174402451,-1.875921025055418,1.2189405330232335,-10.325069322842175,17.490507294460414
1.3829890953264132,-0.329058033877702,1.2037928470116848,-8.389127432017943,-1.1125999869522216
0.16916407669320785,1.536887967676766,-1.1012222073743716,9.947610863208949,-9.861373115993825
0.05504377579606888,-1.4835693305472952,-1.425762344692477,2.6230599560244308,-1.5275602661083667
0.8953841733113649,1.7571524312453728,-1.2657600108082139,10.704873174465822,-14.811418203525797
0.1276657854578846,-1.227459380891726,-0.5647040729762356,-0.9865235632518847,0.7852329234808129
-0.09020024352756252,0.7814516214193752,1.4450544028178058,-4.7907169063033415,3.88686396465091
0.6463944258994253,0.034201559238511155,-0.8330061657978436,3.6212410808053264,-6.666601470404034
1.4659856777970597,0.7368580950886954,0.48923219745697216,-1.7015723798158344,-7.583573884423495
-1.853877621028801,-1.9909083657206774,-0.5298174047693536,-1.4697604522864633,13.122843583228622
0.5633978434287789,-1.3947153144141204,0.7473903774933492,-8.484495674137886,4.356718236071864
0.272909804781516,1.6701926413576151,-0.9306353925534129,9.390845082058394,-10.097668518194077
-0.1420731075717166,0.43235936333623115,-0.17701903420114462,2.3242463685861328,-1.294788688954689
-0.24581883566002474,0.6292811411410144,-0.4002901904469819,4.135113211317977,-2.259910006910847
0.6775181443259177,-0.3430462159924,-1.347310811329104,5.029897264342401,-7.747695318968804
1.4867348234147213,-0.09915916047285907,-0.17396830421285647,-0.9143707837690161,-7.832069852506455
1.0925010566791504,0.14002553589630773,-0.9961456364991325,4.308303733505435,-9.867164437081206
-0.23544426285119394,1.792387566340995,0.17859715905978424,4.719621166575258,-3.4855527485278777
0.5426486978111171,-0.6786984415772727,-0.6649583960822375,0.7460479578682526,-3.336981748652718
1.5697314058853677,0.0009299790040956396,-0.7756144301250539,2.311130681752189,-10.953904686939342
0.3766555328698241,-1.334028478186509,0.33803002571679114,-6.068891096013307,3.470927873077571
-1.5530150095727073,0.34629209838538577,-0.40680074942134675,4.625895051835599,5.098995755021992
-1.127657524410644,0.8261481687772546,-1.649394951726017,11.853076789372492,-3.4377366911826117
-0.2769425540865172,0.12276011884084617,0.5684877054696277,-2.197215616739083,3.290383235788558
-0.007203661056916006,-0.42601701874832465,-1.3979210332806236,5.71875777121506,-4.2776147715929405
-2.465977416749819,0.35158407473546216,0.9915435396010915,-1.436988057049252,15.241309017947076
0.3247826688256701,0.2653097958337323,-0.659270657690995,3.7675000071305025,-5.056925362393527
0.10691663984022295,0.006585768604317511,-0.11838488922955198,0.5047651121204896,-1.0278800619322752
-1.8642521938376317,-0.973630148316324,-0.12010146933543947,-0.45613090443414284,11.761745536795374
1.6942262795913376,-1.0478577703109473,1.5182457871379074,-12.429028526213717,0.7454250615277838
0.5011504065757939,0.18532789872860703,1.5338240849585145,-7.614287135182545,3.0735606107692677
0.7812638724142259,-0.4089220075428868,0.6723382238943023,-5.369721014514398,0.00979955613474015
0.3559063872521625,0.40657397774507015,-1.0888841656314232,6.308236374140164,-7.354790532021716
-0.7334237576750731,0.3644950715814726,0.06750393491024823,1.4893892978682497,2.84364931327194
-0.8579186313810429,0.29350483677180905,0.026599724469925954,1.6054345193468402,3.515477544469491
-2.414104552705665,-0.6925842505957585,0.3390196150352137,-1.3587462742576792,15.504353975456455
2.067710900709247,-0.7601051389265139,0.8821725848959605,-8.75888924196859,-4.529548747182852
-1.5011421455285534,-0.9657292778403122,0.9976506889161856,-6.384299132573311,14.393501316828445
-0.007203661056916006,-0.18745627992126035,-1.3831636003330232,6.360652822958251,-4.934267256283732
0.4285283969139782,1.0425072283115684,0.08745555613268051,2.2617155073573243,-4.920341444973874
-0.8682932041898737,0.4620277993425756,0.04667153296854456,2.0210189373748775,3.1420687547958197
0.9161333189290265,-0.491027822428918,-0.3953744241758599,-0.4123446653364813,-4.689080824061818
0.7397655811789027,1.4198317833646392,-1.5655227232980762,11.347343385405395,-14.220414149180735
0.4596521153404707,-0.638087423068539,-0.0352133383984319,-2.1978476925539283,-0.5248516610904638
-0.4948085830719643,0.9323651155796877,0.03433206889096676,3.1202435853561936,-0.1857241558153743
0.08616749422256133,0.8379243144965857,0.496418365380314,-0.05448637763437425,-0.9589369530813074
2.067710900709247,2.9693723493530912,1.5192711126138938,-0.7559494157194422,-13.169587101149933
0.09654206703139215,-0.44158420868244513,1.4070585111110006,-8.456587248633731,6.470276335334377
0.1276657854578846,0.7000773206195678,-0.7976567054609124,5.960849703705381,-5.929187710991776
0.05504377579606888,0.47955303672449906,1.6280411309380929,-6.7565903203130375,4.79828653459853
-1.5322658639550457,1.0743387819236347,0.8572248354958437,0.4691580322467308,7.8672123159876985
0.7708892996053951,-0.49339374243409795,-0.29334431628502095,-0.7843489454825843,-3.5476425358647656
-1.7190081745140005,0.4648906824160755,0.18035587582906837,2.2119008426168847,7.92179232863805
-1.2002795340724597,-0.2510704683557459,1.466940576928085,-6.887634755635203,12.622371383141875
-0.287317126895348,-1.0691037513953885,0.022405970815065897,-3.0320239813661467,4.7335207719231684
-1.2832761165431061,-0.8550914979020883,0.6395502104331372,-4.4797494293288445,11.539855918154345
-1.0031626507046743,-0.8912418355192265,1.5927981679065397,-9.634553695385703,14.06073143170721
0.8642604548848725,-1.2870968928831636,-0.4595786093481102,-2.4276580867938127,-2.2983260331673128
-0.7023000392485806,-0.9353118336110492,-0.7663612544015002,1.7281708104229336,3.25199067947005
0.6152707074729329,0.2645889726088214,-1.24676490962407,6.412320758473881,-8.85718009368741
-1.2314032524989522,0.5714267352304356,1.067997581769265,-2.3943044506560662,8.714726383880514
-0.1524476803805474,0.01461590131257249,1.5474674743076178,-7.541041987219824,6.9082605951954905
-0.4429357190278102,-0.759295549156153,-0.9598700585266169,2.9643993641924355,0.6530850085010425
-0.9720389322781818,-2.285399155421929,0.21630360566950174,-6.965676562335114,12.581606550334703
-0.05907652510107008,0.648057857227582,-1.6324698808031728,10.16559950079968,-8.178670469390086
0.4492775425316398,1.1904742563008421,-0.25301775149607375,4.387233983851255,-6.82988148754502
1.7460991436354918,0.4206907741610219,-1.3525586927361966,6.278766642528557,-15.40280281160531
-0.5155577286896259,-1.8040729296167368,-0.11741201234302517,-4.309600998445458,7.520359382926239
-0.4636848646454719,-0.8597582208480845,0.6151363698945407,-5.191271647371485,7.358244465349776
0.5633978434287789,1.5086640938096931,-0.849993641652554,8.21256264626307,-10.74295606518319
0.4285283969139782,1.4056184452313734,-0.22575621923753986,4.917108034967841,-7.262522197214171
-0.7541729032927347,-0.5840635851630596,1.5066850512699397,-8.531443108546142,11.54979547703261
0.4077792512963166,-0.31219822162115674,-0.3881114501825293,0.5961833347528598,-2.65474739234823
-0.287317126895348,-0.7567132202007534,1.2739870166839302,-8.352757617126564,8.80267336181472
-1.6463861648521847,-2.0425643398280116,1.5263950533971984,-12.113282121617843,20.46520405733375
1.3207416584734284,-0.3418857715916668,0.17645725660981412,-3.2286852562974993,-4.872221951152885
0.3455318144433317,-0.01083774361238261,0.30514049312145064,-1.9037475108877326,-0.47458386889370807
-0.18357139880703985,-0.18027558473917007,-0.520318342946738,2.2443363593232197,-0.6225896235342423
0.8538858820760417,-0.0007232169135319179,1.4389506315474567,-8.05080869055392,1.4885427665502142
0.8435113092672109,-1.8889139851714973,0.019573569192394485,-6.608121110743675,1.5274796859480166
-0.22506969004236313,1.1899264306499096,-1.2676127794548688,10.132912879266435,-7.514881959557389
1.0095044742085038,-0.47379059037146454,0.8344717484289303,-6.603234987467549,-0.28826360621240354
1.2896179400469359,2.2993284479218308,-0.1235918785160486,6.2263267962988,-13.840442558064368
0.23141151354619274,0.5845227163737156,0.13061718942172915,0.8690706884663081,-2.388156959165194
1.6319788427383528,-0.5377951572266323,0.19176495526717344,-4.2041890907541175,-5.779448920943174
1.6319788427383528,0.6180855415875446,-0.5172589011588444,2.808572287818503,-12.083186443089776
0.3144080960168393,1.9984487347066604,-0.8108047667753183,9.734961941979734,-10.81060575130545
0.9887553285908423,0.721909031317779,1.6057591922171761,-6.851824195723385,-0.686466968038844
0.24178608635502355,0.8025249288953318,-0.009422500146723583,2.21290120106459,-3.654195219048008
1.9847143182386005,0.6846986786031536,0.45157855502037236,-2.1885110575310014,-10.171353406920975
0.5218995521934555,0.8874414684102743,1.5555015314619256,-5.637082804272261,0.9501839596496016
0.8850096005025341,-0.8041427404689023,-1.3278815424993282,3.3419698905874005,-7.324145951103276
-1.1484066700283055,-1.217661368480847,0.19504912592651608,-3.479823065046816,10.175213959290131
-0.287317126895348,0.3382195261973725,-0.9821427520724422,6.212689465849676,-3.5066439524051463
1.2481196488116126,0.49856106417402546,0.8775407521752379,-4.140140217165725,-4.226118427879188
-0.3495645637483329,0.38514689994929086,0.7079406820034427,-2.0346981464210083,3.424144846907563
-1.6463861648521847,-0.07478788426450064,-0.6366859394858397,4.605452209487881,5.909550719111065
-0.9512897866605201,-0.2934221534655784,0.1288984758138976,-0.573469052805703,6.152309296954925
-1.4285201358667377,-0.6872666809716292,-0.38884199680656767,1.3109300769846886,7.649032735022304
1.0302536198261654,-0.23633263008714062,0.8405936544658045,-5.942219782416609,-1.0798955910061871
1.3518653768999207,-0.07472147133816091,-0.6665334538924971,1.756637478548082,-9.20129628605511
0.8642604548848725,0.6439593697586613,-1.5179360291850572,8.657297800316398,-12.324924500440575
-1.5322658639550457,-0.6432132051200179,0.9742881314605631,-5.268814408707824,13.488121460977535
1.4244873865617365,0.5617152216065455,1.441116847188071,-6.944925957682456,-3.043115208876034
1.0925010566791504,-0.13581812391611472,-0.17063897442902945,-0.6467605562823475,-5.737606809363526
-0.3288154181306713,0.39444017411998533,-0.6656338272393859,4.840305076687557,-2.2017787406641434
1.4141128137529055,0.8381439631017494,-0.4197932428856593,3.199285289980639,-11.264168929612413
-1.1069083787929823,0.12720654525068983,0.14723112464438676,0.7523723913231182,5.741846756790389
-0.10057481633639334,0.17234595343933518,1.084649386651431,-4.805634256602757,4.324433767969685
0.10691663984022295,-2.9815938755219693,-0.5962356315841324,-6.070520108485469,6.025255901028264
0.7293910083700719,1.1130899145293505,-0.03237471406175665,2.7717523055267628,-7.115723641685438
0.3247826688256701,2.6114115358623353,-0.3600148297046941,9.309526087284807,-10.898207270534133
1.0717519110614888,1.3441832487118317,-1.6897517411258391,11.409556540703202,-16.150316265946294
-0.3495645637483329,-0.035393356187021704,-1.2076089262351397,6.2814291263629665,-2.9764328176378294
0.3559063872521625,-0.7362139795807705,-1.0519061321438004,2.694982334724528,-3.7785145260937023
0.24178608635502355,-1.327381030208106,-0.9312388180199463,0.43226491312038995,-0.9517426132305853
0.9057587461201957,0.6151760074828594,0.6889464697784419,-2.504963072563827,-3.6185358739357887
-1.127657524410644,0.38320861439664317,1.0065806390952023,-2.755619827875438,8.5149843352441
0.04466920298723807,0.37496012894520153,-0.9536969484430831,5.848695926063781,-5.163014195544127
0.18991322231086946,1.3074384344125756,-0.12727643637357447,4.36878426279473,-5.380987160286372
-0.05907652510107008,-1.95103048112564,-1.0511450053252291,-0.5382898916497041,1.9438940475813542
-0.027952806674577637,0.5956512550698572,-0.8161715909157966,5.895764526463132,-4.91187609549987
1.3207416584734284,0.9797272510250139,-0.7230413863849278,5.233647026526253,-12.435055590981897
-0.7437983304839039,-1.763974748485547,1.0931905061011293,-10.014078445478383,13.383677922280677
-0.9097914954251969,0.6379880377669497,0.8764411097148634,-1.5584499398482716,6.14075780268459
-0.11094938914522415,-0.08268324732710924,-0.365577402648547,1.6907866604066313,-0.6595129228867396
-0.6608017480132573,0.03787208828940588,-1.7129345510426681,9.339090768094815,-3.6613457289726035
-1.7812556113669853,-0.0817615654957064,0.18110615734609006,0.6304401281494159,9.875987382706406
-0.39106285498365617,2.1249553164542374,-0.4601196298827776,9.066526953760256,-6.260030193975543
-1.4803929999108918,-1.0763421124354717,-0.7777868684796722,2.1403010050028373,7.519843862942185
2.067710900709247,-0.008992112191116312,-0.9263995022351562,2.5373102738931848,-14.017176175913512
-1.355898126204922,-0.7830082035145147,-1.7499237854154979,7.756492442738866,2.1288200999061626
-0.07982567071873171,-0.6961028398298068,-1.1177959616437478,3.5804969594480505,-1.9837469734919124
1.3103670856645975,0.8881373462921212,-1.1432445506252509,7.07026770633802,-13.789225669700354
1.891343162959123,0.34785264017163103,-1.2872013497631403,5.588221506371472,-15.649079134363069
1.7564737164443225,-0.28445349272021514,-1.535260242763284,5.066467019211452,-14.070049075114103
-0.6919254664397497,1.70393494345531,0.19092951146421475,4.849082739484606,-0.8884594523103223
-0.7956711945280579,-0.24442755589426352,1.1112829581710741,-5.494026264010103,9.156770473007377
-1.2002795340724597,-0.15574653733506727,0.1475653732823017,-0.004786944344250643,7.058898775496706
-1.2625269709254445,-0.8585378428308978,-0.08486384005874666,-0.888767357273516,8.54879302288493
1.3622399497087516,0.9290655270198154,1.6456332768021373,-6.803209752659992,-3.015863222394655
-1.4803929999108918,0.07562022372463913,-0.485616578241681,4.1353365622932134,5.2326380154138175
-0.5778051655426109,-0.7868092906596292,1.3266311771555275,-8.415778592213915,10.555978408314052
0.4077792512963166,-0.24061901754277926,1.3128226191975823,-7.693749399912566,3.9342512729370838
-1.6775098832786772,-1.3171229867952614,1.1530112337373197,-8.038915245793707,16.950963311728447
0.4285283969139782,-0.31025604848257665,0.07735929155753503,-1.7460930001493833,-0.9024366728920212
-1.739757320131662,0.5416455592320598,1.586579187531207,-4.568201939828193,13.420166673086959
-1.4492692814843993,0.09178124240988851,1.389209989430002,-5.221436938435946,12.52784263791234
-0.8164203401457195,-0.7246195785037649,1.59821317363259,-9.348504263528525,12.648813130770252
-0.5881797383514417,-1.0697481187636346,1.1567889545130725,-8.405009390504825,10.777298866100402
-0.3806882821748253,0.10878068379449508,1.353096202021583,-6.058450676549605,6.989484167576974
0.7293910083700719,-0.059720573088149605,-1.778540269200388,7.98414861836742,-10.581954399387463
1.2688687944292742,-1.2398918807025936,-1.1949995741616286,0.9864534342710884,-7.4046666266851044
-1.6048878736168615,0.16766108842565577,-1.272792388799749,8.471833082892573,2.430286547608344
-1.1484066700283055,-1.0281123973962982,-0.7763257752315952,1.9456983539973869,5.721067441404042
0.8850096005025341,-0.09190978460596892,-1.08810045925061,4.279763341932609,-8.501720485697204
0.3455318144433317,0.21705286769303422,-1.300121304161352,6.806233309442531,-7.579302891941169
0.8953841733113649,0.8476730841523249,1.6960331710203307,-6.832530775956043,-0.23580743493247613
0.5945215618552713,-0.6633635349025949,-1.6124412757189228,5.4775942120315575,-7.432282307444263
-0.6711763208220881,1.5426730195092309,0.02744956941100726,5.161947532294745,-1.1623391767732236
1.227370503193951,2.219060489285202,1.212935258425972,-0.634865327468205,-7.942292950121473
-0.9824135050870126,-0.13612135561881883,0.39671750823698726,-1.4095381029543803,6.907301625239468
-0.1524476803805474,-1.272295557377667,-0.5063506613021259,-1.1326856852418241,2.553722428827234
0.5530232706199479,0.24841402340731505,1.4462089829532419,-7.038826115164212,2.274477508491283
0.9057587461201957,0.4415062051034825,-1.3289586053974605,7.063552896177554,-11.169146767501267
0.272909804781516,-0.8035787165432527,-0.7143164301843767,0.8879361965106094,-1.8110785950153285
1.3622399497087516,-1.248763999730643,1.4194648249161608,-12.205856073481485,2.6129515503128142
-0.17319682599820904,0.9668379598671234,-0.8178488790275461,7.162955100737309,-5.305925265720509
0.6152707074729329,0.2931118666271726,1.6027017061393982,-7.749443638288407,2.455117687311411
-0.7437983304839039,0.9039889779302739,-0.502149084806804,5.9665106883087455,-1.0015716205985186
-1.065410087557659,1.7849674606585861,0.9252951039826998,1.7938369496199185,3.6733284717433357
0.6982672899435795,-0.37014042218070287,-0.7127835090375139,1.7552289887018815,-5.2320492193258445
-0.3599391365571637,0.7813554036675556,0.9215979229053382,-1.9039842669668605,3.1420211634045043
0.438902969722809,1.9873412537676516,1.5078090512108429,-2.015924464474068,-2.1253024050736284
-0.7334237576750731,-0.4312950645821441,0.0847856562414209,-0.9843897172784638,5.300146607087481
1.1339993479144737,-0.6210594727204303,1.3599817239626302,-9.797086385888914,1.6331085744394436
0.5945215618552713,1.353221886003973,-0.32449931179977753,5.0876406551555355,-8.330270714487385
0.3974046784874858,-1.378812172262367,0.3533859059597221,-6.300770725073197,3.5629567481885602
-1.750131892940493,0.4209761877615371,-0.41183563621768304,5.07223863731352,5.8403883565471215
0.2832843775903468,-0.5759803221137325,-0.4173174916713162,0.07536211442503671,-1.3577508882958014
-1.9057504850729552,0.20079401142849296,-1.2582787084492666,8.799526061604766,3.893255557282229
0.18991322231086946,0.05642591611586515,0.491300449799985,-2.477137722963199,0.8463579392979972
0.4907758337669631,1.4922098863520632,-0.5538024114171781,6.7548658823751175,-9.145718473559718
-0.04870195229223927,0.6392135992320459,1.0947424509736603,-3.5073695048799247,2.7048387676597
2.067710900709247,-1.8630054926924864,1.3555422620005373,-14.434438688789394,0.6726310225333725
0.4492775425316398,0.7958787767789062,-1.2679470280927836,8.278093928268996,-9.705812155366052
0.24178608635502355,1.4947996665138332,0.8222434042442763,0.13139589196509416,-2.404355814339512
-0.8890423498075353,-0.042565952231752954,0.4445298201805987,-1.4613046077907172,6.351028886455331
-0.5985543111602725,1.0414899766593346,-1.2288514939256039,9.867281710766296,-5.047104349879056
-0.5155577286896259,-0.7565684076247825,1.708948858414654,-10.298891786257991,11.683289299981093
0.4804012609581323,-0.39024539679407166,-1.5410299431875472,6.054012264597389,-7.395389887158634
1.7564737164443225,-1.2236958737439552,0.22870263000968655,-6.571074487724621,-4.196470440951001
-0.11094938914522415,-1.6744093041267971,0.1667930261783566,-5.74624365412695,6.245146962819938
-0.6608017480132573,0.17260188617986513,0.4870234895693037,-1.2565100412936658,4.734297039803906
0.5322741250022863,-2.0532539052793197,-0.04764205397400594,-6.453825570970215,3.307822874930504
0.09654206703139215,0.5742053872754064,-1.0726462601264202,6.989305395426928,-6.49591153748886
-1.4596438542932302,-0.5440182104074472,-1.0133098374315488,4.894138410228632,4.877034552962297
1.4867348234147213,1.1291262064992786,0.9537922894505473,-2.8683176511696216,-7.005883578769253
0.3455318144433317,0.44252410468670444,-0.9468629861323528,5.716355430278545,-6.842683330806183
1.4141128137529055,1.6693781921048398,-0.04143463006753736,3.8011949128993012,-12.244437165349197
-0.4325611462189794,-0.05173223192866501,-1.7655865343547275,9.105297122206622,-4.7443437105380175
0.5945215618552713,0.20966613045654245,0.5264095355845436,-2.597570848408362,-1.4959680583078092
0.3559063872521625,1.5512791628664255,1.1428177170318872,-1.4161574838123219,-1.8620985567325405
0.3766555328698241,-1.2822131130559584,0.5010795337527687,-6.728692540801543,3.9676798098298294
1.4244873865617365,0.600412899905695,-0.682290432500926,3.7882034756599783,-11.652837362529471
-0.5363068743072875,-2.216778080272389,0.1511388112469035,-6.869721422744396,9.936423857341218
0.4907758337669631,-0.28371938691003606,0.04610384365957512,-1.572453212794947,-1.418305633466407
-0.5778051655426109,0.02737107075580496,-1.4190786164769797,7.755311460194925,-2.8694018504622796
-0.6815508936309189,1.0589718026650166,-0.7090733491566584,7.403833047409261,-2.6054543364670883
-1.9368742034994475,-0.11914167612936713,-0.4897701509432599,4.028299929827646,8.0827154421123
0.6982672899435795,-0.8738601148512963,1.1455658453277648,-9.047676861136292,3.7125072761470514
-0.10057481633639334,-0.6164086240836568,-0.9141839590621672,2.8222687393962587,-1.3046358823157318
2.067710900709247,0.056941345217363354,-1.7113612711506951,6.6599194906963195,-17.354823623801106
1.673477133973676,-0.8954527390146835,-0.35335652572069776,-2.5930527224142375,-7.094453555707121
-0.287317126895348,0.9087418756977648,0.11287054245856325,2.4491900416958257,-0.838157822782301
-1.636011592043354,1.885490389932465,1.676697242900611,-1.0910034526623056,9.230375762021819
-0.5985543111602725,-0.07815744937115188,1.6856732411632553,-8.06428424276946,9.969936868567839
0.6567689987082561,-2.756967540537542,-0.879265821701609,-4.531342511812838,1.469994341264909
-0.2976916997041788,-0.4489055048890797,-1.7875802725213568,7.888876547643724,-4.315146076897294
2.067710900709247,-0.3164311547702287,0.41308022360572255,-5.082405483048547,-7.736940144812659
0.2832843775903468,-0.29121951206954755,-0.7499366674763849,2.592740423582935,-3.542510021648631
0.6982672899435795,0.44541906034414486,0.6387592145873477,-2.5558061818478834,-2.2725567724009412
0.2106623679285311,-0.11086047016299712,1.6015485483385914,-8.550986520110479,5.685463764200701
0.9576316101643497,0.7956571843807764,-1.433169863442523,8.595189260190594,-12.90780905773417
-0.01757823386574682,0.35035494964992864,0.7411518400168617,-2.637116117268776,2.0014336804463952
0.1380403582667154,2.2324227700648307,-0.8360129812044484,10.73929285795002,-10.731522026345862
-0.19394597161587068,0.22962888421789562,-0.16440417058094456,1.7048534771742805,-0.3767734768981117
1.113250202296812,-1.1577993484018305,-0.4929357344528742,-2.1219695752379324,-4.064595904090066
0.7293910083700719,1.5937442358992782,0.10590128056620898,3.5223352964967183,-8.004582627283357
0.034294630178407254,0.04335941583257002,1.545840501283384,-7.633418889097617,5.88181060674379
-0.2665679812776864,-0.7274351626150911,-0.8177196243680972,2.1728606152728993,0.24426689676131685
-0.4740594374543027,0.978332579571872,0.5398557537956423,0.709778407191707,1.5947224637384667
0.2521606591638544,-1.1394732683178932,0.766438460642439,-7.502772767329729,5.223370351704164
-1.6982590288963388,0.6485755540875399,1.6170425728324054,-4.441227173003069,13.013738773548695
-0.17319682599820904,0.3213399520456724,-0.5915547283186944,4.094990323728698,-2.4642546394207496
-1.0031626507046743,-0.37709531341323627,0.6557162880393542,-3.4067047297318056,8.769964345920496
0.5737724162376097,-1.9938804251657707,-1.1084940709591362,-1.0129433369392409,-1.3211970895272813
-0.7230491848662423,-0.5785746377924231,1.627857116395411,-9.151960310488082,11.862398303290124
0.8435113092672109,-0.29721740923179496,1.2348475679350668,-7.909401376637929,1.6134859530995982
0.6878927171347485,1.4397252085102028,-0.3695428715953844,5.478997266372781,-9.236810697585888
-0.1420731075717166,-0.5423002213909518,-0.3325079447225843,0.17771216701178272,1.007234423141101
-1.2625269709254445,-0.6568320665711662,-0.22874365533481864,0.4357490478860391,7.368156433001447
1.0095044742085038,-2.9323793053799956,1.0743730189538345,-15.178507485117663,8.047107620912806
-2.1547402324848948,0.5970916056577014,-0.5853910412020807,6.8729702554684025,6.640862180643046
-1.7190081745140005,0.7816424370955422,-0.924672787995034,8.687299425775798,2.55142240930324
1.4659856777970597,-0.599578616652591,1.0375453973532733,-8.4524485145212,-1.3810109496144314
-1.0446609419399975,-1.533303541342193,0.00864399431623439,-3.598469653667754,9.857791310991503
0.4907758337669631,2.10451244583027,0.21718812001717547,4.73682090363797,-7.898664026256924
0.9368824645466881,-1.4820049011751175,-0.06269302123075396,-5.0694320619182704,-0.48916970413110417
1.227370503193951,0.11793206107866767,-0.3244561083854086,0.7487062219690952,-7.788473132747393
0.9368824645466881,-1.6459421321734728,-0.7802243944508495,-1.9735868888128594,-2.86748350401642
-3.1195755037061605,1.0548389748536966,1.5797091334792548,-1.6144532391290234,18.75219712788673
-0.5259323014984567,-0.11319172586028221,-0.7683555453437828,4.028134850636524,-0.10418549630200102
-1.9264996306906168,-0.0938237727465414,1.1584751322162563,-4.147347348630289,14.547870000557735
-1.2002795340724597,0.5119327399529907,-0.4035203123904065,4.753679315883464,2.8515182009417
1.5386076874588754,1.751640158359144,1.5914497946778448,-4.240936185770667,-6.582159733660431
0.9576316101643497,-0.3211626708150934,-0.1340270143166548,-1.250984551026356,-4.360778095643088
-0.6919254664397497,-0.7919499751238475,0.061213837803444415,-1.9899936479490148,6.080332608784069
1.1547484935321353,-0.674828997712852,-0.3119045386562179,-1.6197127933896014,-4.996873629146993
0.3455318144433317,0.07881419953335658,0.6171855985118851,-3.1950172084026875,0.5046407232308123
-0.5051831558807951,-1.0141044533864454,-0.7224376053347369,1.0750578223951432,2.678478718224364
-0.19394597161587068,-1.2388399647424653,-1.2352916473358122,2.653884314067535,-0.25491683703649937
-0.7334237576750731,0.5236628825721256,-1.3925083388483461,9.26695409963318,-3.473903214734396
-1.6567607376610156,-0.4064355723738121,0.1879991465439418,-0.5025417121801298,10.255106991602283
0.4804012609581323,-0.5412845895661895,-0.6441147932553271,1.1163189366199346,-3.354611709113401
-0.5155577286896259,0.250444963091345,1.2467439747755784,-4.966827255914231,6.813429653276408
-0.4740594374543027,-0.10727903162304643,-1.7606569003209684,8.955506844190007,-4.350493319143221
2.067710900709247,-1.00426043787537,0.019893061108529123,-5.179957519878002,-7.24620094548601
1.787597434870815,1.4494516245468316,1.251562666708242,-3.6970558947715304,-8.2800913811616
-0.5155577286896259,-0.7004630914181553,-1.121992915551524,4.02413303219278,0.19120625549649972
0.034294630178407254,-1.1840518922358325,-0.9969704127923703,1.398401757075947,-0.6071991253540201
-0.22506969004236313,1.3490122783704932,0.7689469255532588,0.4273718973875491,0.15409931731337112
0.1276657854578846,-0.7994773133848836,-1.4593738899040793,4.7707717239078615,-4.07739254675109
0.6152707074729329,-0.35591801301359527,-0.8343749850868367,2.4888501789204645,-5.346099438671225
2.067710900709247,-0.36591429230701183,0.5165107977310593,-5.748007766285579,-7.174768435700964
0.4907758337669631,-0.6116149066638785,1.3279982185262336,-8.965611646389767,4.692958425261754
1.6423534155471835,-1.8018738518411432,1.41015475580743,-14.098748750107763,2.834473501017233
-0.7749220489103963,-1.602390802838092,-0.4296530443286628,-1.8839851379605665,6.963170475751606
-1.07578466036649,-1.5461202642293501,-0.4630540840151104,-1.2473057122460087,8.16506775846006
1.3207416584734284,-0.11801978362246071,-1.2510201792516527,4.5802998869174525,-11.253729658506371
1.5801059786941987,-0.7109174579205709,-1.4341510965449975,3.4578971302690764,-11.504381905889272
0.04466920298723807,-0.33477181330141137,0.5495980348398901,-3.7969748170909225,2.979361564327604
0.04466920298723807,-0.20427332873255225,-0.467195033496853,1.6784859782993702,-1.4793061627259454
1.2896179400469359,1.8798958298106734,-0.9414693154257439,9.057416126513804,-15.853654451369675
1.0510027654438272,-0.4759297345306046,-0.23732406677865436,-1.2921716351423695,-4.776520890741939
2.067710900709247,-0.6106990562113741,-1.237784822149366,2.28911604140346,-13.457596623509577
0.013545484560745624,1.189162196048757,1.6913273768988772,-4.902695780908861,3.13009549664551
0.3662809600609933,1.0363110642667843,0.5200861914057768,0.14222127571047594,-2.859993227482212
0.8227621636495491,1.1453248051818712,-0.878355527538777,7.004989889589949,-11.063207343948468
0.7190164355612411,-0.5583497959461479,-1.1998943609969666,3.6054059815851476,-6.719610233955628
-0.3080662725130096,1.6319627692322956,-1.2006958465606479,11.207433813013136,-8.15834033137443
-0.9512897866605201,0.187967893542,1.2941302974976776,-4.955458020201867,9.369066442667311
-0.5881797383514417,1.1711461509429046,1.0284646797035375,-1.040705207337532,3.5413189577426443
-0.9927880778958434,0.27947810276328433,-0.9897127725539,6.7797862489551965,0.16665499097376424
-0.7437983304839039,1.8019643103192378,1.6002807148082876,-1.8517123125998207,4.714221580694956
0.7190164355612411,2.04157016183105,1.6813173413606408,-3.0008926568712946,-2.9945232978567917
1.2066213575762894,0.4373254303989996,-1.3246571098944213,6.728640483092816,-12.643711518656131
1.0510027654438272,2.040497836044778,-0.5611955290291013,7.876468387836013,-13.621289451469874
-0.4221865734101486,-0.1046623623252466,0.08625688362373252,-0.3230849316842538,2.769947488521413
0.7190164355612411,0.6880773147436464,0.6198501646482844,-1.7540353145717238,-3.1799134634440076
0.7397655811789027,0.5894392167158496,-1.7716821272009573,9.886962704973431,-12.553874064845893
-0.1316985347628858,0.8340078956354859,0.7047959001377837,-0.8902572790195751,0.975652587459106
